name,phone,address,rating,reviews,service_type,website,google_url,source
A.M. Electrical Services,9924415593,"6, Khangah Rd, Rander, Surat, Gujarat 395005, India",5,702,Electrician,,https://maps.google.com/?cid=7954147478433239547,Google Places
V Electrical Services,9909491403,"2, Magan Nagar Rd, Gopinath Society, Mani Nagar, Subhash Nagar Society, Katargam, Surat, Gujarat 395004, India",4.9,131,Electrician,,https://maps.google.com/?cid=10733868250828137837,Google Places
Rabbani Electrition,9879738732,"Gr.floor Shop no.3, Swagat Apartment, Anavil Sheri, Sagrampura, Surat, Gujarat 395002, India",4.9,453,Electrician,,https://maps.google.com/?cid=2147936226166594740,Google Places
Ashish Electrical,8878010687,"Office No. - 202, 3rd floor, Exceluss Business Space, Bhimrad, Surat, Gujarat 395007, India",4.9,91,Electrician,http://www.ashishelectrical.com/,https://maps.google.com/?cid=11604854043735963031,Google Places
Buldel (Building Electrician),9428213314,"Wood Square, 241, Subhash Chandra Bose Marg, TGB, Adajan Gam, Adajan, Surat, Gujarat 395009, India",4.7,78,Electrician,https://buldel.com/,https://maps.google.com/?cid=16756626587065933100,Google Places
Shah Electrician Service,8866779425,"Garden Colony, Nanpura, Surat, Gujarat 395001, India",5,28,Electrician,,https://maps.google.com/?cid=5571810121137030961,Google Places
Nilesh Electrical Services,8469468841,"Kailash Nagar, Majura Gate, Surat, Gujarat 395002, India",4.9,62,Electrician,,https://maps.google.com/?cid=11567439425288550848,Google Places
Mayur Electrics & Electronics,9662000732,"160, Shreeji Nagar -2, near komal sadan, Mora Bhagal, Godadara, Surat, Gujarat 394210, India",4.9,70,Electrician,,https://maps.google.com/?cid=9660370332140952375,Google Places
MS ELECTRICALS,9099875669,"Shastri Nagar Rd, Shastri Nagar Society, Aman Nagar, Surat, Gujarat 395002, India",5,28,Electrician,,https://maps.google.com/?cid=4878626220516097603,Google Places
Ignite electric,8200754176,"G-6, Nova Complex, Bamroli Althan Expy, Bhedwad, Pandesara, Udhana, Surat, Gujarat 394221, India",5,22,Electrician,https://tinyurl.com/Ignite-electric-web,https://maps.google.com/?cid=8508906605982079704,Google Places
Mahalaxmi Electricals,9979263393,"Sai enclave, 32, Bhimrad-Althan Rd, Apcha Nagar, Althan, Surat, Gujarat 395007, India",4.7,30,Electrician,https://www.mahalaxmi-electricals.com/,https://maps.google.com/?cid=12725970500053774004,Google Places
Y.P.B Electricals,9157816530,"West Field Mall, Ghod Dod Rd, opp. Suryakiran Apartment, Miranagar Society, Athwa, Surat, Gujarat 395007, India",4.9,13,Electrician,http://ypbelectricals.online/,https://maps.google.com/?cid=11947905291600273313,Google Places
Raza Electrical Technician,7383985864,"D 1St Floor Block No.19, Patni Colony, Mughal Sarai, Sayedpura, Surat, Gujarat 395003, India",5,16,Electrician,https://sites.google.com/view/bestelectricalsolution/home,https://maps.google.com/?cid=11390378717436270211,Google Places
Powertech Electricals,9510317956,"619, GR FL, Luhar Faliyu, b/h old police station, Katargam, Surat, Gujarat 395004, India",4.9,40,Electrician,http://www.powertechelectricals.co.in/,https://maps.google.com/?cid=7719328652641205787,Google Places
Shravan Patil ( Malhar Electricals Services ),9898487797,"Haridham Society, Haridham Society, Pandesara, Udhana, Surat, Gujarat 394210, India",4.6,22,Electrician,,https://maps.google.com/?cid=8549993812730675292,Google Places
Harsh Electrical & Aqua R O System,9325518887,"शॉप न. 11 हरी दर्शन सोसायटी दिपदर्शन स्कूल के पास दिंडोली सुरत, दिंडोली सुरत, Pramukh Park, Udhana, दिंडोली सुरत, Surat, Gujarat 394210, India",5,34,Electrician,,https://maps.google.com/?cid=6602553490324901783,Google Places
Shreeji Electricals Limited,9825406272,"Plot No. A/4 & 5, Maruti Industrial Estate, Udhana - Sachin Hwy, near Daksheswar Temple, Bhedwad, Pandesara GIDC, Main Road, Surat, Gujarat 394210, India",4.2,27,Electrician,https://shreejielectricals.net/,https://maps.google.com/?cid=10739526668224333678,Google Places
Shailesh Bhai Electrician (Wire Man),9978899521,"Satyam Row House, behind Nutan Row House, near Tulsi Dairy, Pankaj Nagar, Surat, Gujarat 394510, India",5,13,Electrician,,https://maps.google.com/?cid=2172400169706765582,Google Places
Nareshbhai Electrician(Wireman),9825381612,"15, Rander Rd, behind prakash bakery, Rang Avadhut Society-1, Ramnagar, Rander, Surat, Gujarat 395005, India",4.9,18,Electrician,,https://maps.google.com/?cid=7578872935459395367,Google Places
Soni Electrical,9924326248,"L111, SHOPPERSTOP Complex, central, Rd No 8, Udhana GIDC, Udhna Udhyog Nagar, Udhana, Surat, Gujarat 394210, India",4.9,23,Electrician,,https://maps.google.com/?cid=3877382165194089109,Google Places
"AB Tech Electricals - MCC, APFC, HTMC, PCC, Bus Duct, VFDs, Leading LT & HT Panel Manuacturer in Surat, Gujarat, India",9712123507,"AB Tech Electricals, Diamond Eco Park, Plot No.3076, Palsana-sachin, highway, Gabheni, Surat, Gujarat 394210, India",4.8,37,Electrician,https://abtechelectricals.com/,https://maps.google.com/?cid=16792213408311660539,Google Places
Honey Electric Corporation,9722747161,"next to jayesh medical, near udhna, Udhana Teen Rasta, Udhana Village, Udhana, Surat, Gujarat 394210, India",5,197,Electrician,,https://maps.google.com/?cid=9918851018802306849,Google Places
Shree Ramdev Electric Sales And Service (electricfault.in),9374550626,"Shop No. 2,5-6, Sarvoday Nagar,nr.Gandhi Kutir society, Udhna, Udhana - Magdalla Rd, Swami Gunatit Nagar Society 2, Bhatar, Athwa, Surat, Gujarat 395001, India",4.3,44,Electrician,,https://maps.google.com/?cid=6068630436102333967,Google Places
NB Lights Electrician Surat Parle Point - Nagji Prajapati,7621884626,"Central Business Hub, 254, Keshav Park Society, Umra Gam, Athwa, Surat, Gujarat 395007, India",5,3,Electrician,,https://maps.google.com/?cid=13915690689087398784,Google Places
Raj Electricals Sales & Services,8401220451,"Shop no. 2, Balkrishna Row house, gate no. 2, nr Swapna Srushti residency, Bhestan, Surat, Gujarat 395003, India",5,11,Electrician,,https://maps.google.com/?cid=8347903990021136404,Google Places
Raj Electricals,9825109694,"Raj Cluster, Plot No.: 2, Mali ni Wadi, Ashwini Kumar Rd, near sarin technology, Karanj (Navagam), Kodiyar Nagar, Surat, Gujarat 395006, India",4.4,20,Electrician,http://www.rajgrouponline.com/,https://maps.google.com/?cid=16569008119945576615,Google Places
Shivaji Electric & Motor Rewinding Works,7741048682,"BRC Neher, Shop No. 2, Plot No. 1, Thakur Nagar, opp. Marathi SMC School, Surat Municipal School, Harinagar-2, Harinagar, Udhana, Surat, Gujarat 394210, India",5,612,Electrician,,https://maps.google.com/?cid=7324429096494340602,Google Places
S P Engineering,9374723733,"Plot no - 52, New Estate, Rd Number 6, Udhana GIDC, Hari Ichchha Industrial Society, Udhna Udhyog Nagar, Udhana, Surat, Gujarat 394210, India",4.9,94,Electrician,https://www.spengineering.co.in/,https://maps.google.com/?cid=17877186167754812917,Google Places
Sai Darshan Electricals,9824159299,"New, RBL-16, nr. Rupa Dyeing, GIDC Colony, Pandesara GIDC, Udhana, Surat, Gujarat 394221, India",4.8,20,Electrician,http://saidarshanelectricals.com/,https://maps.google.com/?cid=17683171212625858073,Google Places
Sadguru Electricals ( Government Approved Licenced Electrical Contractor ),9727776622,"Manthan Appartment, A / 201, Gujarat Gas Cir, Opposite Krishna Complex, Near Gujarat Gas Circle, Muktanand Nagar, Adajan, Surat, Gujarat 395009, India",5,1,Electrician,https://electrical-contractor-1bj6s.evlop.me/,https://maps.google.com/?cid=3183397370691871515,Google Places
Jay Ambe Electric,8780919508,"Infront of Shivam Xerox and Stationary, Jay jalaram nagar, Plot no.93, Jalaram Society, Kashi Nagar, Udhana, Surat, Gujarat 394210, India",5,5,Electrician,,https://maps.google.com/?cid=6327939636648172689,Google Places
Enertech Systems,2613197005,"Udhna Shangh Market, C 201, Road No. 10, Udhana GIDC, Udhna Udhyog Nagar, Udhana, Surat, Gujarat 394210, India",4.9,51,Electrician,http://www.enertechsystems.co.in/,https://maps.google.com/?cid=17598384948398493971,Google Places
Sach Electro Mech Pvt. Ltd.,2612461305,"C-2, Maheshwari Appt Nanpura, Timaliyawad, Timiliyawad Rd, Nanpura, Surat, Gujarat 395001, India",4.3,31,Electrician,http://www.sachgroup.com/,https://maps.google.com/?cid=2179679290162728051,Google Places
RAXA ELECTRICAL,7069452494,"V square, 118, Rander Rd, Palanpur Jakatnaka, Surat, Gujarat 395009, India",5,7,Electrician,http://www.raxaelectrical.com/,https://maps.google.com/?cid=3792991899117915032,Google Places
Bhumika Electricals,9825338424,"LG-7, Sarela Shopping Centre, Ghod Dod Rd, Athwa, Surat, Gujarat 395001, India",5,3,Electrician,,https://maps.google.com/?cid=13533503943494922713,Google Places
Saroj Electricals Sale And Service,8238812135,"Shop 02, P-19 /21, Govalak Road, Shanta Nagar, Gopal Nagar Society, Pandesara, Udhana, Surat, Gujarat 394221, India",4.6,10,Electrician,,https://maps.google.com/?cid=4412212693894675159,Google Places
AS Electricals Services & Contractor,9825096040,"Plot No. 28, Rander Rd, Avakar Society, Ramnagar, Surat, Gujarat 395009, India",5,2,Electrical Contractor,https://a-s-enterprise.com/,https://maps.google.com/?cid=15722999708484119367,Google Places
Nutanvij Electricals Pvt. Ltd.,8048017718,"Shed No. 67-A, Navjivan Industrial Co. Service Soc, BRTS, Vesu Canal Rd, beside SMC Water Plant, Laxmi Nagar, Khatodra Wadi, Surat, Gujarat 395002, India",4.4,21,Electrical Contractor,https://www.nutanvijelectricals.com/,https://maps.google.com/?cid=13605460690165939650,Google Places
Jyona Power Limited,2612555000,"Plot No, JYONA HOUSE, 4/5/6, Ashwini Kumar Rd, nr. Old Sandesh Press, opp. Saurashtra, Mali Ni Wadi, Ni Wadi, Kadawapatidar, Surat, Gujarat 395006, India",4.4,29,Electrical Contractor,,https://maps.google.com/?cid=2239284567130784315,Google Places
Professional Electrical Solution - Best quality Chemical Earthing / Plate Earthing mfg. In Surat Gujrat,7802013980,"50-52/1 Plot No.14-B Bhatiya Gali, behind Susha Foundry, Pandesara GIDC, Udhana, Surat, Gujarat 394221, India",4.9,15,Electrical Contractor,http://www.pesearthing.com/,https://maps.google.com/?cid=18127794893262907981,Google Places
DES ELECTRO MECH PVT LTD,9825107485,"Shop No. 222, B 2nd Floor, Square One Commercial Complex, A & 222, Bhimrad-Althan Rd, near Dhiraj Sons, Apcha Nagar, Surat, Gujarat 395007, India",4.5,11,Electrical Contractor,http://www.deselectro.com/,https://maps.google.com/?cid=15008434860552562622,Google Places
Destiny Electrical,9624083544,"Shreeji Apartment, G-1, Rachana Cir, Prabhu Nagar, Valinath Society, Ram Nagar, Hirabaugh, Surat, Gujarat 395006, India",4.3,9,Electrical Contractor,http://destinyelectrical.in/,https://maps.google.com/?cid=10773182369335278453,Google Places
SANTKRUPA ELECTRICALS,9428633933,"B-13, Singanpore Road, near Dhanmora, Asha Nagar Society, Snehsagar Society, Katargam, Surat, Gujarat 395004, India",4.6,10,Electrical Contractor,https://m.indiamart.com/santkrupa-electricals/,https://maps.google.com/?cid=8969775537871993001,Google Places
New Shree Rang Electricals,8849977677,"Shed No. 5A, Phase K, Road No. 6, Functional Estate, Udhana GIDC, Hari Ichchha Industrial Society, Udhna Udhyog Nagar, Udhana, Surat, Gujarat 394210, India",5,2,Electrical Contractor,http://www.shreerangelectricals.co.in/,https://maps.google.com/?cid=6405257661668442407,Google Places
Kiran Electricals,2612454547,"G-5, opp. Linear Bus Stand, Japan Market, Begampura, Surat, Gujarat 395003, India",5,1,Electrical Contractor,http://www.kiranelectricals.co.in/,https://maps.google.com/?cid=2723939164184903533,Google Places
Chauhan Electrical Services,9898607360,"Shivam Nagar, Pandesara, Udhana, Surat, Gujarat 394210, India",5,2,Electrical Services,,https://maps.google.com/?cid=9693999764614718951,Google Places
Shubham electrical sales & service,9879524768,"Guru Krupa Complex, G-11, Near Model Town, Parvat Patiya, Surat, Gujarat 395010, India",4.5,10,Electrical Services,,https://maps.google.com/?cid=550358494686213831,Google Places
Twinkle Electrical,9825352327,"3/4, Maan Darwaja, Singapuri Wadi, Rustampura, Surat, Gujarat 395002, India",5,1,Electrical Services,,https://maps.google.com/?cid=56740666767919405,Google Places
Siyam's Power Solution,7405592747,"Shop no.1, Gopipura, Surat, Gujarat 395002, India",5,4,Electrical Services,,https://maps.google.com/?cid=10129706705829538383,Google Places
Patel Electricals Sales & Services,9879337870,"Kamalbaug Soc, 30/31, Khodiyar Nagar Rd, near Bajrang Nagar Soc, Radhakrishna Society, Kamal Baug Society, Varachha, Surat, Gujarat 395008, India",5,2,Electrical Services,,https://maps.google.com/?cid=11557989278577934520,Google Places
MD Electrical Global,7069382679,"A-35, RUPAM SOCIETY, A.K Rd, near SARITA DARSHAN SOCIETY, behind PP SAVANI SCHOOL, BhakktInagar V-2, Setal Society, Hirabaugh, Surat, Gujarat 395006, India",4.8,96,House Wiring,,https://maps.google.com/?cid=8274214879042438022,Google Places
Total Electrical Solution,8511237318,"2, Total Electrical Solution, Balaji Industrial Society, C-120, Udhana - Magdalla Rd, opp. Surya Plaza, Gandhi Kutir, Surat, Gujarat 395017, India",4.6,28,House Wiring,,https://maps.google.com/?cid=769729163151321372,Google Places
Tirupati sales corporation,2612704000,"Plot no. 52-53, soma Kanji ni Wadi, Nr Savera Complex Udhna-City, BRTS, Vesu Canal Rd, Khatodra Wadi, Surat, Gujarat 395002, India",4.4,277,House Wiring,http://www.tirupatisales.com/,https://maps.google.com/?cid=9195415458568766633,Google Places
Dhanvarsha Electricals,9426404135,"Udhana Main Rd, opp. Swami Narayan Temple, near Foot Over Bridge, Ranchhod Nagar, Harinagar-2, Harinagar, Udhana, Surat, Gujarat 394210, India",4.6,14,House Wiring,,https://maps.google.com/?cid=13956385337438914721,Google Places
Panel & Motor Rewinding Works in Surat - Dana Electrical,8460580905,"SHOP NO : 3, Milan Point, YOGI KRUPA, GAM ROAD, opposite SURAT MERCHANT BANK, Bamroli, Udhana, Surat, Gujarat 394221, India",5,41,House Wiring,,https://maps.google.com/?cid=15601911399651613763,Google Places
Electrical man,6355822493,"Lalmiyan Masjid Rd, Rampura, Katargam Darwaja, Surat, Gujarat 395003, India",,,House Wiring,,https://maps.google.com/?cid=16383986760996149385,Google Places
Surya Technology & Switch Gears,9824174369,"Udhna Darwaja, B/H Apple Hospital, 25/189, Gujarat Housing Board, Bethi Colony, Udhana, Surat, Gujarat 395002, India",5,6,House Wiring,,https://maps.google.com/?cid=9603792742665308440,Google Places
REM Electromach Pvt. Ltd.,2612273615,"Rd Number 9, Udhana GIDC, Udhna Udhyog Nagar, Udhana, Surat, Gujarat 394210, India",4.7,25,House Wiring,https://www.remempl.in/,https://maps.google.com/?cid=14050090122641635385,Google Places
Mudit Enterprise,7820092138,"Plot No. 43 Jeet Industrial Society, Bamroli Rd, Near, Raika Circle, Laxmi Nagar, Majura, Udhana, Surat, Gujarat 395002, India",4.4,5,House Wiring,,https://maps.google.com/?cid=12586405205811114668,Google Places
Home Fix electricals,8160044065,"4, Kshetrapal Dada Marg, Golkiwad, Talawdi, Sagrampura, Golkiwad, Surat, Gujarat 395002, India",5,1,House Wiring,,https://maps.google.com/?cid=4053221768262608791,Google Places
Bright Light & Electricals,9265522455,"G 6, raviraj complex, Gangeshwar Mahadev Temple Rd, near mahalaxmi, Bungalow Society, Karan Park, Adajan, Surat, Gujarat 395009, India",4.7,39,House Wiring,,https://maps.google.com/?cid=15983597008391388478,Google Places
Nijanand Digital Meter,7878151601,"B-108 BHARATNAGAR, Lambe Hanuman Rd, Maruti Chowk, Bhagirath Nagar, Varachha, Surat, Gujarat 395006, India",4.9,174,Meter Installer,,https://maps.google.com/?cid=17648665462233059077,Google Places
"THE GAUGE FACTORY-SURAT || Pressure Gauge, Temperature Gauge, RTD Sensor, Pressure Transmitter Manufacturer",8980272864,"G-48, Silicon Shoppers, Udhana Main Rd, Vashi Colony, Chandanvan Society, Udhana Village, Udhana, Surat, Gujarat 394210, India",4.7,104,Meter Installer,,https://maps.google.com/?cid=9550313192162588191,Google Places
Sai leela Meter Repairing,8866680151,"120, 123, fut bamroli rod, near suvidha hospital, New Haridham Society, Pandesara, Udhana, Surat, Gujarat 394210, India",4.3,12,Meter Installer,,https://maps.google.com/?cid=7350662940018734325,Google Places
Patel Auto Meter & Workshop,9825340637,"Shop-35 Suryakiran-Chandrakiran Complex, Vallabhacharya Rd, Ashwin Society 3, Kodiyar Nagar, Surat, Gujarat 395008, India",4.1,40,Meter Installer,,https://maps.google.com/?cid=247197373895506702,Google Places
Perfect Meter Repairer,9510565792,"Begampura Rd, Zampa Bazaar, Begampura, Surat, Gujarat 395003, India",4.8,4,Meter Installer,,https://maps.google.com/?cid=3006405417253188248,Google Places
Purnima Auto Meter Advance Ecm Repair Training Hub,9824424888,"PURNIMA AUTO METER 7/4269 AL RAHEEM,SUTHAR FALIYA, Cinema Rd, near HOTEL ROYAL TREAT, Mahidharpura, DELHI GATE, Surat, Gujarat 395003, India",4.6,449,Meter Installer,http://www.purnimameters.com/,https://maps.google.com/?cid=6264848698804934669,Google Places
ARROWMECH INSTRUMENTS & AUTOMATION,9859410410,"W/41, Laxminarayan Industrial Estate, BRC Compound, opp. Daksheshwar Mahadev Temple, Baroda Rayon Corporation, Jeevan Jyothi Nagar, Udhana, Surat, Gujarat 394210, India",5,1,Meter Installer,https://www.arrowmech.com/,https://maps.google.com/?cid=10005380642069476652,Google Places
Jupisol Power India Private Limited,9898121807,"SNS Atria, A-701, opposite Jolly Party Plot, Vesu, Surat, Rundh, Gujarat 395007, India",4.9,219,Meter Installer,http://jupisolpower.com/,https://maps.google.com/?cid=231347195450015816,Google Places
Testing Instruments,9377977666,"SK-2 Industrial Estate, Plot No 91, Sosyo Circle, Udhana, Surat, Gujarat 395002, India",5,10,Meter Installer,http://testing-instrument.in/,https://maps.google.com/?cid=12329325087450959531,Google Places
HI-TECH CONTROLS -SURAT- HITACHI VFD AUTHORISE DEALER- CG EMOTRON VFD REPAIR AUTHORIZED SERVICE CENTER,9033905142,"GATE-03, JEET INDUSTRIAL ESTATE, PLOT-109, near RAYKA CIRCLE, Laxmi Nagar, Udhana, Surat, Gujarat 395002, India",5,10,Meter Installer,,https://maps.google.com/?cid=13785987588258080501,Google Places
SK Instruments and Calibration,8866477303,"Udhna Shangh Market, E-208, nr. Divya Bhaskar Press, Udhana GIDC, Udhna Udhyog Nagar, Udhana, Surat, Gujarat 394210, India",4.9,40,Meter Installer,,https://maps.google.com/?cid=9183034906405270610,Google Places
SMB Info Solutions,9974755110,"M square, Mankamal Popat St, Nanpura, Surat, Gujarat 395001, India",5,326,Meter Installer,http://www.smbinfosolutions.com/,https://maps.google.com/?cid=16932060839366310625,Google Places
Saffron Engineering,9913590190,"Ashirwad Industry, Society, Plot No.1, 120 Feet Bamroli Rd, near Mamta Hospital, opposite Bharat Petrol Pump, Laxmi Nagar, Udhana, Surat, Gujarat 395002, India",4.6,39,Meter Installer,http://www.saffronengineering.com/,https://maps.google.com/?cid=11346029528025711868,Google Places
I.S. Engineers,6357910101,"D203, Second, Udhna Sangh Complex, beside Divya Bhaskar Press, Udhana GIDC, Udhna Udhyog Nagar, Udhana, Surat, Gujarat 394210, India",4.8,25,Meter Installer,https://www.isengineers.in/,https://maps.google.com/?cid=4404407648576415275,Google Places
Asian Electricals & Lights,9898197678,"1, Falsawadi Main Road, Cinema Rd, opposite Meera House, Zampa Bazaar, Begampura, Surat, Gujarat 395003, India",4.8,120,Meter Installer,,https://maps.google.com/?cid=801614315513743588,Google Places
Heaven Green Energy Ltd,6390405060,"Anupam square, 201, Mahadev Chowk, Pramukh Park, Mota Varachha, Surat, Gujarat 394101, India",4.8,438,Meter Installer,https://heavensolarenergy.com/,https://maps.google.com/?cid=14886630984410852862,Google Places
Saloni enterprise,9377718599,"U-7, Opp. Dream Honda, Udhana Village, Udhana, Surat, Gujarat 394210, India",5,10,Meter Installer,https://www.indiamart.com/salonienterprise/,https://maps.google.com/?cid=785606640423800880,Google Places
Poonawala WS (Manufacturer and Wholesaler unit),9979792752,"Saibaba Shopping Center, B-103, Udhana Main Rd, beside Arihant complex, Hari Ichchha Industrial Society, Udhna Udhyog Nagar, Udhana, Surat, Gujarat 394210, India",4.9,769,Meter Installer,,https://maps.google.com/?cid=10964872854089680679,Google Places
HOC CONNECT PVT. LTD.,8401735511,"HOC HOUSE 1/205, kharadi Street, B/H, Jain Derasar, Nanpura New Rd, Nanpura, Surat, Gujarat 395001, India",4.3,48,Meter Installer,http://hoc-technologies.com/,https://maps.google.com/?cid=6223614080511324972,Google Places
Shah Electric Co.,9824119977,"G-13/A, opp. Liner Bustand, Japan Market, Delhi Gate, Surat, Gujarat 395003, India",4.5,8,Meter Installer,,https://maps.google.com/?cid=11711163505339826318,Google Places
Sarvayogam Solar,9510356575,"E-68, Laxminarayan Industrial park, Baroda Rayon Corporation, Jeevan Jyothi Nagar, Udhana, Surat, Gujarat 394210, India",4.8,162,Meter Installer,http://www.sarvayogamgroup.com/,https://maps.google.com/?cid=13276177847850149634,Google Places
Tata Power Solaroof - Green Watt Energy,9067004323,"213, Bluestone Complex, nr. Shyamdham Mandir, Sarthana Jakat Naka, Panchvati Scoiety, Nana Varachha, Surat, Gujarat 395013, India",4.9,1564,Meter Installer,https://solaroof.tatapower.com/?utm_source=gmb&utm_medium=listing_page&utm_campaign=green_watt_energy,https://maps.google.com/?cid=12110135619757779107,Google Places
24R Energy,9898881269,"S-12, KSB Olympia Complex, Althan Road, Kailash Chokdi, Gopal Nagar Society, Pandesara, Udhana, Surat, Gujarat 394210, India",4.9,248,Meter Installer,,https://maps.google.com/?cid=5244560921589043212,Google Places
IPC PUMPS INDIA PVT LTD,9624059143,"Laxmi Narayan Industrial Zone, E-69, behind BRC Temple, Baroda Rayon Corporation, Jeevan Jyothi Nagar, Udhana, Surat, Gujarat 394210, India",4.8,31,Meter Installer,http://ipcpumps.in/,https://maps.google.com/?cid=450476920319589239,Google Places
P V ENERGY,9924195999,"622, Homeland City, Piplod, Surat, Gujarat 395007, India",4.9,93,Meter Installer,http://www.pvenergy.in/,https://maps.google.com/?cid=1594231448866898484,Google Places
DIVENCE TECHNO PRIVATE LIMITED,9377937792,"2, Plot No. A-3/6, Central Rd, behind Bharat Petrol Pump, Udhana GIDC, Udhna Udhyog Nagar, Udhana, Surat, Gujarat 394210, India",5,22,Meter Installer,https://www.divence.com/,https://maps.google.com/?cid=3597659500390023741,Google Places
Shrirang Sales Corporation,2612474237,"UG-3&4, Nirman Bhavan, near Krushi Mangal Apartment, Hall, Majura Gate, Surat, Gujarat 395001, India",4.8,5,Meter Installer,http://www.shrirangsales.com/,https://maps.google.com/?cid=13922737884325984699,Google Places
Shree Ramdev Electric,9624677858,"Shri Mangal Pandey Railway Over Brg, New Textile Market, Surat, Gujarat 395002, India",5,3,Electrical Lineman,,https://maps.google.com/?cid=14277345638815980850,Google Places
Shashi Enterprise - Expanding Possibilities,8758131292,"504, Union Heights, near Lalbhai Stadium, Vesu, Surat, Rundh, Gujarat 395007, India",5,5,Electrical Lineman,http://www.shashienterprise.co/,https://maps.google.com/?cid=11680513617379462631,Google Places
Shreeji Electricals,9104137056,"Damanwala Complex, Navsari Main Road, Pandesara GIDC, Udhana, Surat, Gujarat 394221, India",,,Electrical Lineman,https://shreejielectricals.net/,https://maps.google.com/?cid=4902566014896494382,Google Places
Bhavani Electricals,2616595200,"Plot no 93, Rajdeep Industrial Estate, opp. SMC clock garden, Bhestan, Surat, Gujarat 395023, India",5,1,Industrial Electrician,,https://maps.google.com/?cid=9823695876979192405,Google Places
Wicon Electronics (Electrical Panels / PLC -SCADA Manufacturer),9898603537,"Plot No. K5 , Road no.5 , Diamond Industrial Park, near SEZ, behind Sachin, Sursez, GIDC, Sachin, Surat, Gujarat 394230, India",4.5,25,Industrial Electrician,http://www.wicon.in/,https://maps.google.com/?cid=17558607945589324369,Google Places
GroupNish (Electrical and Automation Company),2612390804,"C20/2, Road No.15, N. Flour Mill, Surat - Navsari - Palsana Rd, Nr. G, Hoziwala Industrial Estate, Sachin Apparel Park SEZ., Sachin, Surat, Gujarat 394230, India",4.1,101,Industrial Electrician,https://www.groupnish.com/,https://maps.google.com/?cid=16867858872433310329,Google Places
Powercare Engineers,9825138582,"U/G Showroom, C - Tower Udhna Udhyognagar, Udhna Shangh Market, Road No. 10, Udhana GIDC, Udhna Udhyog Nagar, Udhana, Surat, Gujarat 394210, India",5,17,Industrial Electrician,https://www.powercareeng.com/,https://maps.google.com/?cid=16017981640825275308,Google Places
Aum Electric Engineering Pvt. Ltd,9825058833,"KADIWALA STREET, PLOT NO.7, opp. SHIVRAM DYEING, Near Desai Cng Gas Station, Khatodra Wadi, Surat, Gujarat 395002, India",4.7,6,Industrial Electrician,https://aumelectric.in/,https://maps.google.com/?cid=13773580417846399444,Google Places
JBP Infra Projects Pvt Ltd,9979533033,"4RQF+QFR, Shiv Industrial Society, Bamroli, Udhana, Surat, Gujarat 394210, India",4.1,21,Industrial Electrician,,https://maps.google.com/?cid=3834476304877988730,Google Places
Badshah Electrical,9909092275,"135, Aatmanand industrial state, vibhag 2, 120ft bamroli Road, Majura, Gandhi Kutir, Surat, Gujarat 395002, India",4.9,96,Industrial Electrician,,https://maps.google.com/?cid=18047277991245337333,Google Places
Electrical repairing,7016379815,"SMC Building opp vanita recsidan Althan Surat Chaina Gate, opp. vanita recsidan, New City Light, Althan, Surat, Gujarat 395017, India",,,Industrial Electrician,,https://maps.google.com/?cid=3551661907332447791,Google Places
Acronics Electric Pvt Ltd,9825738626,"4th Floor,306, Acronics Electric Pvt Ltd, Atlanta Shopping Mall, Apcha Nagar, Althan, Surat, Gujarat 395017, India",4.8,32,Industrial Electrician,https://www.acronicselectric.com/,https://maps.google.com/?cid=10065922376913291950,Google Places
Jain Electric Stores,9825908477,"Nr. Academic School, 15, Central Rd, opp. Jain Plaza, Udhana GIDC, Udhna Udhyog Nagar, Udhana, Surat, Gujarat 394210, India",4.9,28,Industrial Electrician,,https://maps.google.com/?cid=8183964754714915271,Google Places
Coolzone Aircon AC Repair & Services,9453839992,"plot no. 176, near Vesu, Ganesh Nagar, Nem Nagar, Pandesara, Vesu, Surat, Gujarat 394210, India",4.8,424,AC Electrician,https://coolzoneairconac.online/,https://maps.google.com/?cid=4142442835083175822,Google Places
Sadguru AIR Conditioners,8849620958,"Ranchhod Nagar New, 128, Bamroli - Althan Rd, Pandesara, Althan, Surat, Gujarat 395017, India",4.9,167,AC Electrician,https://sadguruairconditioners.in/,https://maps.google.com/?cid=10663518987966008807,Google Places
AC MAN - AC Sales & Service at Piplod,9574695741,"Shop-45, 3rd Floor, Aakash Business Centre, nr. Piplod Main Road, Maheshwari Society, Krishnadham Society, Piplod, Surat, Gujarat 395007, India",4.9,295,AC Electrician,http://www.theacman.in/,https://maps.google.com/?cid=1032861690307905444,Google Places
Affordable cooling system,8780988209,"Ghnatiwala Complex, Surat - Navsari Rd, Parsi Compound, Meeranagar Society, Udhana Village, Udhana, Surat, Gujarat 394210, India",4.9,144,AC Electrician,,https://maps.google.com/?cid=4398109573191765353,Google Places
Nikam Refrigeration-BEST AC SERVICE IN SURAT,8154882480,"152 Bhedwad, opp. Brc, Bhedwad, Pandesara, Udhana, Surat, Gujarat 394210, India",5,96,AC Electrician,,https://maps.google.com/?cid=11742495738549251600,Google Places
AONE AIR CONDITIONERS - Best Air Conditioner Store in Vesu| Air Conditioner Repair Store| Best Refrigerator Repair Store,9913798755,"G-20 aagam cross road, Samaysar Bungalow, VIP Rd, E3 Block, ac market, Vesu, Surat, Gujarat 395007, India",4.9,107,AC Electrician,,https://maps.google.com/?cid=4371005996900429801,Google Places
Shree yamuna electrical and AC SERVICE ZONE,7984709637,"UG-66, ATLANTA BUSSINESS HUB, VIP Rd, opp. OFFIRA POSH, Althan, Surat, Gujarat 395007, India",5,8,AC Electrician,,https://maps.google.com/?cid=13086848249217044811,Google Places
Shraddha Ac Zone,9904400666,"H-29 Aourovil Society, Opp. Uma Bhavan, Bhatar Rd, Aurowil Society, Bhatar, Athwa, Surat, Gujarat 395001, India",4.9,3303,AC Electrician,http://shraddhaaczone.com/,https://maps.google.com/?cid=3740255211779648451,Google Places
Shree Radhe Cooling System AC Repair & AC Service,9913135553,"Ambika Industrial A, 288, UM Rd, near Punjab National Bank, Ambika Industrial Society 1, Bhatar, Athwa, Surat, Gujarat 395017, India",4.9,27,AC Electrician,https://business.google.com/site/l/05960154692508253588?hl=en-GB,https://maps.google.com/?cid=15018234571088374105,Google Places
SB AC SALES AND SERVICES,9725082715,"Ambica Electronic, 30 Goverdhan Nagar, New Bamroli Rd, Gatre Nagar, Nem Nagar, Pandesara, Udhana, Surat, Gujarat 394210, India",4.9,45,AC Electrician,https://sites.google.com/view/acservicesurat/home,https://maps.google.com/?cid=6986371983881535488,Google Places
Expert Cooling System,9262532205,"LG-37, Sanghvi Tower, Adajan Rd, near Gujarat Gas Circle, Green Enclave, Adajan, Surat, Gujarat 395009, India",4.9,134,AC Electrician,http://www.expertcooling.in/,https://maps.google.com/?cid=8963002276266478747,Google Places
Vorkup Ac Service & Repair,9510482497,"World Trade Center, Ring Rd, Udhana Darwaja, Rustampura, Surat, Gujarat 395002, India",4.5,329,AC Electrician,http://www.vorkup.com/,https://maps.google.com/?cid=1725103552316574955,Google Places
Air conditioning repair service,8092240655,"mohan nagar, d mart, Gopal Nagar Society, Pandesara, Udhana, Surat, Gujarat 394210, India",4.5,49,AC Electrician,https://g.page/r/CQ4LTBf5fP8tEBI/review,https://maps.google.com/?cid=3314505260047534862,Google Places
Mitsubishi Electric - Jay khodiyar refrigeration,9824111174,"342/4, Natraj, Cinema Rd, opp. Soham Residency, Lal Darwaja, Patel Nagar, Surat, Gujarat 395008, India",4.8,165,AC Electrician,,https://maps.google.com/?cid=5210821963380011091,Google Places
Sanjay Ac Repair,9067815790,"38,Ramkrishna Society, Nr.Narayan Nagar, Aaspas ,Godadara, Meeranagar 2, Godadara Gam, Godadara, Surat, Gujarat 395012, India",4.2,158,AC Electrician,,https://maps.google.com/?cid=14820740187017667896,Google Places
Jay vachharaj air conditioner and washing machine repairing,8306127597,"Dhanmora, J.K.P Nagar, Katargam, Surat, Gujarat 395004, India",4.8,25,AC Electrician,,https://maps.google.com/?cid=8201131247526163544,Google Places
shardha aircon,9724657813,"shop no 110, marvella residency, Bhimrad-Althan Rd, near oliva hight & mira home, Bhimrad, Surat, Gujarat 395007, India",4.8,83,AC Electrician,https://sites.google.com/view/shardha-aircon/home,https://maps.google.com/?cid=8724905210574331046,Google Places
Ankur AC Sales & Service,9586252579,"Silver crest, Savlia Cir, near dmart, Nilgiri Wadi, Yoginagar Society, Surat, Gujarat 395011, India",5,13,AC Electrician,,https://maps.google.com/?cid=5485231642407046428,Google Places
Khushi refrigeration and Electricals,8780913312,"Ganesh Nagar, Pandesara GIDC, Udhana, Surat, Gujarat 394221, India",5,359,AC Electrician,https://sites.google.com/view/khushirefrigerationandelectric?usp=sharing,https://maps.google.com/?cid=15110141779313879008,Google Places
AC MAN - AC Sales & Service at Jahangirabad,9898961554,"213, Solitaire Query, Dandi Rd, opp. D'Mart, Jahangirabad, Dahin Nagar, Surat, Gujarat 395005, India",4.9,1164,AC Electrician,https://theacman.in/,https://maps.google.com/?cid=1922930100060860058,Google Places
Shreeji Enterprise(AC Wala) + Service,9913733344,"matrushree compound, 57, Vesu Canal Rd, Sarthana Jakat Naka, Simada Gam, Nana Varachha, Surat, Gujarat 395006, India",4.9,157,AC Electrician,http://shreejiacwala.com/,https://maps.google.com/?cid=7796400283861890494,Google Places
Shah A.C Services,9723703302,"Jamarukh Gali, 01, Nanpura, Surat, Gujarat 395001, India",5,20,AC Electrician,,https://maps.google.com/?cid=17718571350386823434,Google Places
Shree Bankiyarani AC Freez Service,7698415303,"Shop No 4, Santoshi Nagar, Dindoli, Surat, Gujarat 394210, India",5,36,AC Electrician,https://sites.google.com/view/acservicesurat/home,https://maps.google.com/?cid=18236212400805547730,Google Places
Ac ka doctor,9601636503,"shop no 9, Pavillion palaza, nr. mark point, Sai Shiv Shakti Society, Dindoli, Surat, Gujarat 394210, India",4.9,63,AC Electrician,,https://maps.google.com/?cid=9395541281682986607,Google Places
Prime Services - Best AC Service Center,9106597639,"Tirupati Chambers, G1-2, Ring Rd, nr. Chamunda Restaurant, Sagrampura, Surat, Gujarat 395002, India",5,21,AC Electrician,,https://maps.google.com/?cid=8088244947197501140,Google Places
Vikas AC Repair Service,7039680270,"Shop No.2, Mathura Nagar Society, Palanpur, Surat, Gujarat 395009, India",4.1,28,AC Electrician,,https://maps.google.com/?cid=11686689707658739609,Google Places
King refrigeration,9601390375,"68, Udhana Main Rd, Udhana Teen Rasta, Meeranagar Society, Udhana Village, Udhana, Surat, Gujarat 394210, India",5,86,AC Electrician,http://www.kingrefrigeration1109.com/,https://maps.google.com/?cid=1808807656245156569,Google Places
Welcome Refrigeration,8758463564,"16, Pujan Residency, Savlia Cir, near Vanmali Society, Nilgiri Wadi, Yoginagar Society, Surat, Gujarat 395011, India",5,150,AC Electrician,,https://maps.google.com/?cid=17397258247459747578,Google Places
Umiya Airconditioner,9825405035,"G-15-17, Silicon View, TO, Archana School Rd, opp. KRISHNA HOSPITAL, Parvat Patiya, Surat, Gujarat 395010, India",4.1,60,AC Electrician,,https://maps.google.com/?cid=6197234529975668221,Google Places
Super Auto Electrician & Car AC Service,7623082881,"Imperial School Of Learning, Vesu Canal Rd, Dumbhal, Parvat Patiya, Surat, Gujarat 395010, India",4.4,13,AC Electrician,,https://maps.google.com/?cid=3732418423781491806,Google Places
Shree Khodiyar AC Repairing and Service,9924488271,"Parasmani Society, Punagam, Varachha, Surat, Gujarat 395011, India",5,16,AC Electrician,,https://maps.google.com/?cid=17842524592169950232,Google Places
ANK Solar Energy,8733975255,"301 , Western arena , Green City Road , Adajan, Adajan Gam, Pal Gam, Surat, Gujarat 395009, India",4.9,1070,Solar Installation,http://anksolar.in/,https://maps.google.com/?cid=14894855149581370647,Google Places
Anany Urja Pvt Ltd | Solar EPC Company | Residential Commercial Industrial Solar Rooftop Solutions in Surat,8866442477,"Cyber City, 709-711, near SMC Moon Garden, Uttran, Surat, Gujarat 394105, India",5,250,Solar Installation,http://www.ananyurja.com/,https://maps.google.com/?cid=16338110006014018650,Google Places
Earthwave Technology Pvt Ltd – Solar Energy Company,8758512940,"Office No. 2,1st Floor, Savlia Cir, near Bapa sitaram chowk, Sarshvati Park, D, Yoginagar Society, Surat, Gujarat 395006, India",5,259,Solar Installation,http://www.earthwavetech.in/,https://maps.google.com/?cid=16741784759855395938,Google Places
Navi Energy | Solar Rooftop | Surat,9979435742,"306, Sunshine Complex, Opposite CNG Pump, near Sudama Chowk, Hans Society, Mota Varachha, Surat, Gujarat 394101, India",4.9,207,Solar Installation,https://navienergy.in/,https://maps.google.com/?cid=11196052538687754679,Google Places
MD Energies - Solar Power Plant Company,9099260004,"Office No. -1 ,Turning Point Complex, near Omkar Row House, Uttran, Surat, Gujarat 394105, India",5,72,Solar Installation,http://mdenergies.in/,https://maps.google.com/?cid=18305045385187520888,Google Places
Flame Solren Pvt Ltd,9904322028,"7th Floor, Yamuna Chowk, Rio Business Hub, 705, beside Karma Business Centre, Krishna Avenue, Mota Varachha, Surat, Gujarat 394101, India",5,244,Solar Installation,http://www.flamesolren.com/,https://maps.google.com/?cid=207671918344784738,Google Places
Tech Sun Bio,9925336536,"International Wealth Centre, 1010, VIP Rd, Vesu, Surat, Gujarat 395007, India",4.9,535,Solar Installation,http://techsunbio.com/,https://maps.google.com/?cid=10422900174287908007,Google Places
Manthan Solar,9824757160,"Jay Jalaram Complex, 101, Society, nr. Dhanmora Char Rasta, Asha Nagar Society, Rushikesh Society, Khodiyar Nagar, Katargam, Surat, Gujarat 395004, India",4.9,378,Solar Installation,http://www.manthansolar.com/,https://maps.google.com/?cid=5656841502909518755,Google Places
Solnce Energy Private Limited | Solar Company,7041166814,"Avadh Kontina, 604-605, VIP Rd, near CB Patel Club, Surat, Gujarat 395007, India",4.9,230,Solar Installation,https://solnceenergy.com/,https://maps.google.com/?cid=6089890948509529373,Google Places
Shivay Solar Energy Private Limited,8866906066,"132,Star World, Green City Rd, Pal Gam, Surat, Gujarat 394510, India",5,77,Solar Installation,http://www.shivaysolar.com/,https://maps.google.com/?cid=10543904181858431764,Google Places
Sunora Solar,8866010103,"366 Laxmi Enclave 2, opp. Gajera School, Rajanand Society, Ram Nagar Society, Katargam, Surat, Gujarat 395004, India",4.9,195,Solar Installation,https://www.sunorasolar.com/,https://maps.google.com/?cid=17071467494169928530,Google Places
AKV Energy Solutions - Solar Power Knowledge - Surat,9033401435,"1st Floor, Nagnath Society, Plot No: 1/A, nr. The Avalon Business Hub, Aamba Talavadi, Priya Park Society, Katargam, Surat, Gujarat 395004, India",5,120,Solar Installation,http://www.akvenergy.com/,https://maps.google.com/?cid=3541783217589116424,Google Places
Ananya Solar Technologies,7575854197,"535-536, LAXMI ENCLAVE - 2, LAXMI CIRCLE, 395004, opp. GAJERA SCHOOL, Rajanand Society, Ram Nagar Society, Katargam, Surat, Gujarat 395004, India",4.8,134,Solar Installation,http://www.ananyasolar.com/,https://maps.google.com/?cid=4285630409758766319,Google Places
D-Light Solar Energy LLP,9898511535,"35, Anjani Ro-house, Panvel Point, To, yamuna Chowk Road, Hans Society, Mota Varachha, Surat, Gujarat 394101, India",4.9,89,Solar Installation,http://www.dlightsolarenergy.in/,https://maps.google.com/?cid=12957431233765720508,Google Places
Tanay Solar EPC Company,7778910000,"SHIVAAY 104 NR. VIVEK HOSPITAL SHASHTRI NAGAR, Ring Rd, Udhana Darwaja, Shastri Nagar Society, Aman Nagar, Surat, Gujarat 395002, India",4.7,215,Solar Installation,https://erp.indiasolarsolution.com/,https://maps.google.com/?cid=4302342249461076046,Google Places
Believer Solar,7434972242,"214, Varni Plaza, opp. SMC Community Hall, near Sudama Chawk, Mota Varachha, Surat, Gujarat 394101, India",4.9,175,Solar Installation,https://www.believersolar.in/,https://maps.google.com/?cid=13640849775540022611,Google Places
Goldi Solar,2617199999,"1009, 10th floor, Infinity Tower, beside Ayurvedic College, near Railway Station, Suryapur Gate, Varachha, Surat, Gujarat 395008, India",4.5,258,Solar Installation,https://www.goldisolar.com/,https://maps.google.com/?cid=622770484967204718,Google Places
Italiya Solar,9909284408,"Bs. Sarita soc, 90/91, waddi, nr. SMC Children park, Aamba Talavadi, Sarita Society, Katargam, Surat, Gujarat 395004, India",4.9,343,Solar Installation,,https://maps.google.com/?cid=11621604589689870832,Google Places
Infinity Solar,8866860685,"Shed No. 4, Nichlu Faliyu, Nani Ved Rd, Nani Ved, Pramukh Darshan Society, Katargam, Surat, Gujarat 395004, India",4.9,54,Solar Installation,https://www.infinitysolars.in/,https://maps.google.com/?cid=9083373351889329921,Google Places
Akhanddeep Solar Solution,9978643099,"101, Rajdeep Complex, opp. Shakti Jewellers, Singanpor Char Rasta, Rajdeep Society, Singanpor, Surat, Gujarat 395004, India",5,52,Solar Installation,https://akhanddeepsolarsolution.com/,https://maps.google.com/?cid=1308684122134485930,Google Places
First Front Solar Energy - Solar Design Consultant,8140770209,"1st Floor, Mirambika Complex, 101-102, opp. Gandhi Baugh, beside old civil hospital, Chowk Bazar, Nanpura, Surat, Gujarat 395001, India",4.8,50,Solar Installation,https://firstfrontsolar.in/,https://maps.google.com/?cid=2247247244228797502,Google Places
D-BRIGHT SOLAR | SOLAR ENERGY | ROOF TOP,9978058000,"37 MAHALXMI CAMPUS, gajera compound, opp. VISHVMBHAR ARCED, Mota Varachha, Surat, Gujarat 394101, India",5,24,Solar Installation,https://www.indiamart.com/d-bright-solar/?srsltid=AfmBOopCnHWgHA__Jn-yYo_TF9ItiwZGmR_XQCl124k7HQ_4kFIKH6jn,https://maps.google.com/?cid=2004856684879239927,Google Places
Praveg Solar,9664560484,"Heny Arcade, 201-204, Dabholi Rd, Katargam, Surat, Gujarat 395004, India",4.8,275,Solar Installation,https://pravegsolar.in/,https://maps.google.com/?cid=7739591804782410745,Google Places
SunSky Solar,9727518665,"614, Millennium Business Hub (MBH-1, opp. Sarthana Nature Park, Bhagavan Nagar, Sarthana Jakat Naka, Sarthi Society, Nana Varachha, Surat, Gujarat 395013, India",5,23,Solar Installation,http://www.sunskysolar.co.in/,https://maps.google.com/?cid=7108995934924977253,Google Places
GUJARAT SOLAR ENERGY,9099989249,"2nd Floor, Gruham Icon, B-49, Amroli - Kosad Rd, SMC Twp, Amroli, Surat, Gujarat 394107, India",5,57,Solar Installation,https://gujaratsolarenergy.com/,https://maps.google.com/?cid=4653890359623272449,Google Places
Cosmic PV Power Limited,8008919590,"Cosmic PV Power Limited, FIRST FLOOR, GHAEL COMPOUND, E-11, Udhana Main Rd, near LAXMINARAYAN TEMPLE, Baroda Rayon Corporation, BRTS, Udhana, Surat, Gujarat 394210, India",4.9,116,Solar Installation,https://www.cosmicpvpower.com/,https://maps.google.com/?cid=8135953512785286687,Google Places
Solaris 360,9998117531,"GF/21 PALLADIUM, NEAR SHYAM MANDIR, VIP Rd, Vesu, Surat, Gujarat 395007, India",5,80,Solar Installation,http://www.solaris360.com/,https://maps.google.com/?cid=5218217782935609820,Google Places
Vsole Solar Energy Pvt. Ltd. | Head Office,7575881414,"2, Anthem Business Park-1, Vesu Canal Rd, near Nayara Petrol Pump, Simada Gam, Kosmada, Surat, Gujarat 395013, India",4.5,332,Solar Installation,http://www.vsolesolar.com/,https://maps.google.com/?cid=14501906446915598660,Google Places
Emitting Energy Pvt. Ltd.,9319318586,"231, 99 Shopping Center, Near, Sayan Rd, Brahmani Nagar Society, Amroli, Surat, Gujarat 394107, India",5,65,Solar Installation,http://www.emittingenergy.com/,https://maps.google.com/?cid=12606728190334433731,Google Places
SUNSHREE SOLAR,7878150007,"Shop no 3 , Karunasagar Shopping Centre, Road, opp. AVLON The Business Hub, Aamba Talavadi, Sahyog Society, Katargam, Surat, Gujarat 395004, India",5,118,Solar Installation,https://sunshreesolar.com/,https://maps.google.com/?cid=10008416567596867981,Google Places
Ewelt Technology | Solar Cleaning Sprinkler System,9265972161,"Rahul Raj Mall, Union Heights, A-110-111, Maharana Pratap Rd, Piplod, Surat, Rundh, Gujarat 395007, India",5,113,Solar Installation,,https://maps.google.com/?cid=5982220238832149447,Google Places
Bluerays Clean Energy / Solar Panel Cleaning System,7383447575,"Tulsi Arcade, behind Sudama chok, Mota Varachha, Surat, Gujarat 394101, India",4.9,202,Solar Installation,https://bluerayscleanenergy.com/,https://maps.google.com/?cid=2868534503934782253,Google Places
Sunlight solar,9328852216,"angel Square, 304, VIP Cir, Mota Varachha, Surat, Gujarat 394105, India",5,59,Solar Installation,,https://maps.google.com/?cid=6129694125007999334,Google Places
